id,bip_39_word_space_6,type_no_space_upper_length_4,type_length_4,name_no_type,name_no_size,part_number_upper_length_3,bip_39_word_space_9,type_upper_length_6,description_extra,type_upper,description_main_first_letter,color,description_main_no_space_upper_length_5,description_main_length_4,id_no_color,description_only_numbers_short,part_number_first_letter_upper,manufacturer_no_space_length_1,bip_39_word_dash_7,part_number_first_letter,classification_no_space_length_4,classification_no_space_length_5,part_number_name,type_name,bip_39_word_dash_3,bip_39_word_dash_10,manufacturer_no_space_length_4,part_number_length_1,bip_39_word_space_7,distributors,type_no_space_length_1,description_or_color_upper,bip_39_word_dash_9,bip_39_word_new_line_7,link_short_1,type_no_space_length_4,bip_39_word_dash_6,bip_39_word_underscore_8,bip_39_word_new_br_4,type_no_space_upper_length_3,type_capital,manufacturer_upper_length_2,bip_39_word_new_br_5,description_main_upper_length_4,description_main_no_space_length_3,md5_6_alpha_upper,bip_39_word_new_br_2,md5_6_upper,classification_first_letter_upper,part_number_no_space_upper_length_2,bip_39_word_underscore_7,description_extra_capital,classification_length_6,bip_39_word_space_5,bip_39_word_new_line_2,part_number_no_space_length_6,bip_39_word_new_br_10,bip_39_word_dash_8,classification_upper,type_no_space_length_3,bip_39_word_no_space_3,id,md5_5,size_only_numbers_no_zeros,bip_39_word_no_space_12,classification,description_main,description_only_numbers,bip_39_word_space_10,description_main_upper_length_1,classification_length_1,bip_39_word_space_12,manufacturer_upper_length_4,bip_39_word_no_space_11,bip_39_word_new_br_9,short_code_upper,bip_39_word_new_line_11,classification_first_letter,classification_length_4,manufacturer,classification_upper_length_5,bip_39_word_new_line_12,manufacturer_no_space_upper_length_3,part_number_no_space_length_4,bip_39_word_new_br_6,manufacturer_capital,size_upper,part_number_no_space_upper_length_5,type_length_2,classification_no_space_upper_length_2,manufacturer_no_space_upper_length_4,manufacturer_upper,description_main_name,bip_39_word_space_3,md5,markdown_full,name_no_size_short,size_first_letter,description_extra_first_letter,bip_39_word_no_space_10,size,manufacturer_length_2,type_first_letter_upper,type_length_5,classification_length_5,part_number_upper_length_5,bip_39_word_space_1,bip_39_word_new_line_4,bip_39_word_no_space_7,id_no_size,bip_39_word_new_br_11,description_extra_first_letter_upper,type_first_letter,part_number_no_space_length_2,classification_no_space_length_3,manufacturer_no_space_length_3,oomp_word_emoji,manufacturer_length_6,oomp_word,bip_39_word_dash_1,bip_39_word_dash_4,bip_39_word_space_2,classification_no_space_upper_length_5,name,type,description_main_no_space_upper_length_2,type_upper_length_3,classification_capital,description_or_color,classification_length_3,bip_39_word_no_space_5,classification_no_space_upper_length_4,part_number_no_space_upper_length_1,classification_no_space_length_6,bip_39_word_new_br_12,description_main_length_1,description_main_length_5,part_number_no_space_upper_length_3,bip_39_word_new_br_3,manufacturer_length_3,type_upper_length_5,id_no_type,bip_39_word_space_11,description_main_capital,bip_39_word_dash_2,manufacturer_length_1,oomp_word_emoji_list,manufacturer_first_letter,bip_39_word_dash_5,manufacturer_upper_length_6,classification_upper_length_6,description_main_upper_length_6,bip_39_word_new_br_8,description_extra_name,manufacturer_upper_length_1,bip_39_word_new_line_3,manufacturer_upper_length_5,markdown_short,part_number_upper_length_1,part_number_no_space_upper_length_4,bip_39_word_underscore_10,md5_5_upper,md5_6,bip_39_word_new_line_6,bip_39_word_underscore_3,classification_upper_length_3,part_number_no_space_length_5,classification_name,size_only_numbers,bip_39_word_underscore_2,manufacturer_no_space_upper_length_2,part_number_no_space_upper_length_6,directory,description_main_upper,link_short_2,manufacturer_length_5,size_name,classification_no_space_upper_length_1,name_no_class,part_number_length_3,bip_39_word_new_line_8,bip_39_word_new_line_10,type_no_space_length_6,bip_39_word_underscore_11,description_main_no_space_length_2,github_link,manufacturer_no_space_upper_length_5,link_short_3,bip_39_word_new_br_7,description_main_no_space_length_4,part_number_length_2,classification_length_2,classification_upper_length_4,manufacturer_no_space_length_6,bip_39_word_underscore_9,bip_39_word_underscore_5,manufacturer_no_space_upper_length_1,md5_10,part_number,description_main_no_space_upper_length_4,classification_no_space_upper_length_6,type_no_space_upper_length_5,part_number_upper_length_2,classification_no_space_length_2,bip_39_word_dash_12,description_extra_upper,size_capital,description_main_no_space_length_5,bip_39_word_space_0,id_no_class,color_upper,manufacturers,bip_39_word_no_space_2,color_capital,bip_39_word_no_space_1,oomp_word_list,part_number_length_4,type_no_space_length_5,description_main_no_space_upper_length_1,bip_39_word_no_space_6,description_main_upper_length_2,bip_39_word_underscore_12,description_main_length_3,description_main_first_letter_upper,type_no_space_length_2,bip_39_word_underscore_1,manufacturer_name,bip_39_word_no_space_4,bip_39_word_new_br_1,color_name,part_number_upper_length_4,description_main_no_space_length_1,type_no_space_upper_length_6,bip_39_word_space_8,type_length_6,color_first_letter,bip_39_word_underscore_6,manufacturer_no_space_length_2,part_number_capital,part_number_no_space_length_3,manufacturer_length_4,description_main_no_space_length_6,bip_39_word_no_space_9,short_code,description_main_no_space_upper_length_3,part_number_upper,manufacturer_upper_length_3,bip_39_word_dash_11,bip_39_word_new_line_5,description_main_upper_length_5,name_no_color,type_no_space_upper_length_2,description_main_no_space_upper_length_6,part_number_length_5,classification_no_space_length_1,part_number_length_6,part_number_no_space_length_1,description_main_length_2,description_main_upper_length_3,type_upper_length_2,bip_39_word_space_4,md5_10_upper,size_first_letter_upper,color_first_letter_upper,md5_6_alpha,classification_no_space_upper_length_3,manufacturer_no_space_length_5,manufacturer_no_space_upper_length_6,type_upper_length_1,classification_upper_length_1,type_length_1,classification_upper_length_2,oomp_key,part_number_upper_length_6,bip_39_word_new_line_9,bip_39_word_no_space_8,type_length_3,bip_39_word_underscore_4,description_main_length_6,link_main,manufacturer_first_letter_upper,bip_39_word_new_line_1,type_no_space_upper_length_1,part_number_exact,type_upper_length_4
storage_jar_clip_top_kilner_1000_ml_capacity_110_mm_diameter_180_mm_depth_kilner_0025_491,nominee fatigue essence sustain fortune inflict,JARC,jar_,1000 Ml Capacity 110 mm Diameter 180 mm Depth Kilner 0025 491,1000Mlcapacity110mmdiameter180mmdepthkilner0025491,002,nominee fatigue essence sustain fortune inflict visit veteran meadow,JAR_CL,,JAR_CLIP_TOP_KILNER,1,,1000M,1000,1000mlcapacity110mmdiameter180mmdepthkilner0025491,1M,0,k,nominee-fatigue-essence-sustain-fortune-inflict-visit,0,stor,stora,0025 491,Jar Clip Top Kilner,nominee-fatigue-essence,nominee-fatigue-essence-sustain-fortune-inflict-visit-veteran-meadow-supreme,kiln,0,nominee fatigue essence sustain fortune inflict visit,[],j,1M,nominee-fatigue-essence-sustain-fortune-inflict-visit-veteran-meadow,"nominee
fatigue
essence
sustain
fortune
inflict
visit",kilner_1_litre,jarc,nominee-fatigue-essence-sustain-fortune-inflict,nominee_fatigue_essence_sustain_fortune_inflict_visit_veteran,nominee<br>fatigue<br>essence<br>sustain,JAR,Jar Clip Top Kilner,KI,nominee<br>fatigue<br>essence<br>sustain<br>fortune,1000,100,40O6U,nominee<br>fatigue,66FE76,S,00,nominee_fatigue_essence_sustain_fortune_inflict_visit,,storag,nominee fatigue essence sustain fortune,"nominee
fatigue",002549,nominee<br>fatigue<br>essence<br>sustain<br>fortune<br>inflict<br>visit<br>veteran<br>meadow<br>supreme,nominee-fatigue-essence-sustain-fortune-inflict-visit-veteran,STORAGE,jar,nomineefatigueessence,storage_jar_clip_top_kilner_1000_ml_capacity_110_mm_diameter_180_mm_depth_kilner_0025_491,66fe7,,nomineefatigueessencesustainfortuneinflictvisitveteranmeadowsupremeleftall,storage,1000_ml_capacity_110_mm_diameter_180_mm_depth,1000110180,nominee fatigue essence sustain fortune inflict visit veteran meadow supreme,1,s,nominee fatigue essence sustain fortune inflict visit veteran meadow supreme left all,KILN,nomineefatigueessencesustainfortuneinflictvisitveteranmeadowsupremeleft,nominee<br>fatigue<br>essence<br>sustain<br>fortune<br>inflict<br>visit<br>veteran<br>meadow,,"nominee
fatigue
essence
sustain
fortune
inflict
visit
veteran
meadow
supreme
left",s,stor,kilner,STORA,"nominee
fatigue
essence
sustain
fortune
inflict
visit
veteran
meadow
supreme
left
all",KIL,0025,nominee<br>fatigue<br>essence<br>sustain<br>fortune<br>inflict,Kilner,,00254,ja,ST,KILN,KILNER,1000 Ml Capacity 110 mm Diameter 180 mm Depth,nominee fatigue essence,66fe767c4df33e99cdadcdae9a94f4af,[storage_jar_clip_top_kilner_1000_ml_capacity_110_mm_diameter_180_mm_depth_kilner_0025_491](https://github.com/oomlout/oomlout_oomp_current_version_messy/tree/main/parts/storage_jar_clip_top_kilner_1000_ml_capacity_110_mm_diameter_180_mm_depth_kilner_0025_491)<br>[](https://github.com/oomlout/oomlout_oomp_current_version_messy/tree/main/parts/storage_jar_clip_top_kilner_1000_ml_capacity_110_mm_diameter_180_mm_depth_kilner_0025_491)<br>[Storage Jar Clip Top Kilner 1000 Ml Capacity 110 Mm Diameter 180 Mm Depth Kilner 0025 491](https://github.com/oomlout/oomlout_oomp_current_version_messy/tree/main/parts/storage_jar_clip_top_kilner_1000_ml_capacity_110_mm_diameter_180_mm_depth_kilner_0025_491)<br><br>,1000Mlcapacity110Mmdiameter180Mmdepthkilner0025491,,,nomineefatigueessencesustainfortuneinflictvisitveteranmeadowsupreme,,ki,J,jar_c,stora,0025_,nominee,"nominee
fatigue
essence
sustain",nomineefatigueessencesustainfortuneinflictvisit,1000mlcapacity110mmdiameter180mmdepthkilner0025491,nominee<br>fatigue<br>essence<br>sustain<br>fortune<br>inflict<br>visit<br>veteran<br>meadow<br>supreme<br>left,,j,00,sto,kil,:leaves: :recycle: :santa:,kilner,leaves recycle santa,nominee,nominee-fatigue-essence-sustain,nominee fatigue,STORA,Storage Jar Clip Top Kilner 1000 Ml Capacity 110 mm Diameter 180 mm Depth Kilner 0025 491,jar_clip_top_kilner,10,JAR,Storage,1M,sto,nomineefatigueessencesustainfortune,STOR,0,storag,nominee<br>fatigue<br>essence<br>sustain<br>fortune<br>inflict<br>visit<br>veteran<br>meadow<br>supreme<br>left<br>all,1,1000_,002,nominee<br>fatigue<br>essence,kil,JAR_C,1000_ml_capacity_110_mm_diameter_180_mm_depth_kilner_0025_491,nominee fatigue essence sustain fortune inflict visit veteran meadow supreme left,1000 Ml Capacity 110 mm Diameter 180 mm Depth,nominee-fatigue,k,"[':leaves:', ':recycle:', ':santa:']",k,nominee-fatigue-essence-sustain-fortune,KILNER,STORAG,1000_M,nominee<br>fatigue<br>essence<br>sustain<br>fortune<br>inflict<br>visit<br>veteran,,K,"nominee
fatigue
essence",KILNE,[storage_jar_clip_top_kilner_1000_ml_capacity_110_mm_diameter_180_mm_depth_kilner_0025_491](https://github.com/oomlout/oomlout_oomp_current_version_messy/tree/main/parts/storage_jar_clip_top_kilner_1000_ml_capacity_110_mm_diameter_180_mm_depth_kilner_0025_491)<br><br>,0,0025,nominee_fatigue_essence_sustain_fortune_inflict_visit_veteran_meadow_supreme,66FE7,66fe76,"nominee
fatigue
essence
sustain
fortune
inflict",nominee_fatigue_essence,STO,00254,Storage,,nominee_fatigue,KI,002549,parts/storage_jar_clip_top_kilner_1000_ml_capacity_110_mm_diameter_180_mm_depth_kilner_0025_491,1000_ML_CAPACITY_110_MM_DIAMETER_180_MM_DEPTH,kilner1l,kilne,,S,Jar Clip Top Kilner 1000 Ml Capacity 110 mm Diameter 180 mm Depth Kilner 0025 491,002,"nominee
fatigue
essence
sustain
fortune
inflict
visit
veteran","nominee
fatigue
essence
sustain
fortune
inflict
visit
veteran
meadow
supreme",jarcli,nominee_fatigue_essence_sustain_fortune_inflict_visit_veteran_meadow_supreme_left,10,https://github.com/oomlout/oomlout_oomp_part_src/tree/main/parts/storage_jar_clip_top_kilner_1000_ml_capacity_110_mm_diameter_180_mm_depth_kilner_0025_491,KILNE,kilner1liter,nominee<br>fatigue<br>essence<br>sustain<br>fortune<br>inflict<br>visit,1000,00,st,STOR,kilner,nominee_fatigue_essence_sustain_fortune_inflict_visit_veteran_meadow,nominee_fatigue_essence_sustain_fortune,K,66fe767c4d,0025_491,1000,STORAG,JARCL,00,st,nominee-fatigue-essence-sustain-fortune-inflict-visit-veteran-meadow-supreme-left-all,,,1000m,"['nominee', 'fatigue', 'essence', 'sustain', 'fortune', 'inflict', 'visit', 'veteran', 'meadow', 'supreme', 'left', 'all']",jar_clip_top_kilner_1000_ml_capacity_110_mm_diameter_180_mm_depth_kilner_0025_491,,[],nomineefatigue,,nominee,"['leaves', 'recycle', 'santa']",0025,jarcl,1,nomineefatigueessencesustainfortuneinflict,10,nominee_fatigue_essence_sustain_fortune_inflict_visit_veteran_meadow_supreme_left_all,100,1,ja,nominee,Kilner,nomineefatigueessencesustain,nominee,,0025,1,JARCLI,nominee fatigue essence sustain fortune inflict visit veteran,jar_cl,,nominee_fatigue_essence_sustain_fortune_inflict,ki,0025.491,002,kiln,1000ml,nomineefatigueessencesustainfortuneinflictvisitveteranmeadow,,100,0025_491,KIL,nominee-fatigue-essence-sustain-fortune-inflict-visit-veteran-meadow-supreme-left,"nominee
fatigue
essence
sustain
fortune",1000_,1000Mlcapacity110mmdiameter180mmdepthkilner0025491,JA,1000ML,0025_,s,0025_4,0,10,100,JA,nominee fatigue essence sustain,66FE767C4D,,,40o6u,STO,kilne,KILNER,J,S,j,ST,oomp_storage_jar_clip_top_kilner_1000_ml_capacity_110_mm_diameter_180_mm_depth_kilner_0025_491,0025_4,"nominee
fatigue
essence
sustain
fortune
inflict
visit
veteran
meadow",nomineefatigueessencesustainfortuneinflictvisitveteran,jar,nominee_fatigue_essence_sustain,1000_m,https://github.com/oomlout/oomlout_oomp_current_version_messy/tree/main/parts/storage_jar_clip_top_kilner_1000_ml_capacity_110_mm_diameter_180_mm_depth_kilner_0025_491,K,nominee,J,0025.491,JAR_
storage_jar_clip_top_kilner_1500_ml_capacity_110_mm_diameter_230_mm_depth_kilner_0025_492,cute card anchor volcano december gown,JARC,jar_,1500 Ml Capacity 110 mm Diameter 230 mm Depth Kilner 0025 492,1500Mlcapacity110mmdiameter230mmdepthkilner0025492,002,cute card anchor volcano december gown have verify lens,JAR_CL,,JAR_CLIP_TOP_KILNER,1,,1500M,1500,1500mlcapacity110mmdiameter230mmdepthkilner0025492,1M5,0,k,cute-card-anchor-volcano-december-gown-have,0,stor,stora,0025 492,Jar Clip Top Kilner,cute-card-anchor,cute-card-anchor-volcano-december-gown-have-verify-lens-absurd,kiln,0,cute card anchor volcano december gown have,[],j,1M5,cute-card-anchor-volcano-december-gown-have-verify-lens,"cute
card
anchor
volcano
december
gown
have",kilner_1_5_litre,jarc,cute-card-anchor-volcano-december-gown,cute_card_anchor_volcano_december_gown_have_verify,cute<br>card<br>anchor<br>volcano,JAR,Jar Clip Top Kilner,KI,cute<br>card<br>anchor<br>volcano<br>december,1500,150,42KOW,cute<br>card,685940,S,00,cute_card_anchor_volcano_december_gown_have,,storag,cute card anchor volcano december,"cute
card",002549,cute<br>card<br>anchor<br>volcano<br>december<br>gown<br>have<br>verify<br>lens<br>absurd,cute-card-anchor-volcano-december-gown-have-verify,STORAGE,jar,cutecardanchor,storage_jar_clip_top_kilner_1500_ml_capacity_110_mm_diameter_230_mm_depth_kilner_0025_492,68594,,cutecardanchorvolcanodecembergownhaveverifylensabsurdcoachalley,storage,1500_ml_capacity_110_mm_diameter_230_mm_depth,1500110230,cute card anchor volcano december gown have verify lens absurd,1,s,cute card anchor volcano december gown have verify lens absurd coach alley,KILN,cutecardanchorvolcanodecembergownhaveverifylensabsurdcoach,cute<br>card<br>anchor<br>volcano<br>december<br>gown<br>have<br>verify<br>lens,,"cute
card
anchor
volcano
december
gown
have
verify
lens
absurd
coach",s,stor,kilner,STORA,"cute
card
anchor
volcano
december
gown
have
verify
lens
absurd
coach
alley",KIL,0025,cute<br>card<br>anchor<br>volcano<br>december<br>gown,Kilner,,00254,ja,ST,KILN,KILNER,1500 Ml Capacity 110 mm Diameter 230 mm Depth,cute card anchor,6859404401f2ad35949c5f5a10c8a1b5,[storage_jar_clip_top_kilner_1500_ml_capacity_110_mm_diameter_230_mm_depth_kilner_0025_492](https://github.com/oomlout/oomlout_oomp_current_version_messy/tree/main/parts/storage_jar_clip_top_kilner_1500_ml_capacity_110_mm_diameter_230_mm_depth_kilner_0025_492)<br>[](https://github.com/oomlout/oomlout_oomp_current_version_messy/tree/main/parts/storage_jar_clip_top_kilner_1500_ml_capacity_110_mm_diameter_230_mm_depth_kilner_0025_492)<br>[Storage Jar Clip Top Kilner 1500 Ml Capacity 110 Mm Diameter 230 Mm Depth Kilner 0025 492](https://github.com/oomlout/oomlout_oomp_current_version_messy/tree/main/parts/storage_jar_clip_top_kilner_1500_ml_capacity_110_mm_diameter_230_mm_depth_kilner_0025_492)<br><br>,1500Mlcapacity110Mmdiameter230Mmdepthkilner0025492,,,cutecardanchorvolcanodecembergownhaveverifylensabsurd,,ki,J,jar_c,stora,0025_,cute,"cute
card
anchor
volcano",cutecardanchorvolcanodecembergownhave,1500mlcapacity110mmdiameter230mmdepthkilner0025492,cute<br>card<br>anchor<br>volcano<br>december<br>gown<br>have<br>verify<br>lens<br>absurd<br>coach,,j,00,sto,kil,:mushroom: :dragon: :racehorse:,kilner,mushroom dragon racehorse,cute,cute-card-anchor-volcano,cute card,STORA,Storage Jar Clip Top Kilner 1500 Ml Capacity 110 mm Diameter 230 mm Depth Kilner 0025 492,jar_clip_top_kilner,15,JAR,Storage,1M5,sto,cutecardanchorvolcanodecember,STOR,0,storag,cute<br>card<br>anchor<br>volcano<br>december<br>gown<br>have<br>verify<br>lens<br>absurd<br>coach<br>alley,1,1500_,002,cute<br>card<br>anchor,kil,JAR_C,1500_ml_capacity_110_mm_diameter_230_mm_depth_kilner_0025_492,cute card anchor volcano december gown have verify lens absurd coach,1500 Ml Capacity 110 mm Diameter 230 mm Depth,cute-card,k,"[':mushroom:', ':dragon:', ':racehorse:']",k,cute-card-anchor-volcano-december,KILNER,STORAG,1500_M,cute<br>card<br>anchor<br>volcano<br>december<br>gown<br>have<br>verify,,K,"cute
card
anchor",KILNE,[storage_jar_clip_top_kilner_1500_ml_capacity_110_mm_diameter_230_mm_depth_kilner_0025_492](https://github.com/oomlout/oomlout_oomp_current_version_messy/tree/main/parts/storage_jar_clip_top_kilner_1500_ml_capacity_110_mm_diameter_230_mm_depth_kilner_0025_492)<br><br>,0,0025,cute_card_anchor_volcano_december_gown_have_verify_lens_absurd,68594,685940,"cute
card
anchor
volcano
december
gown",cute_card_anchor,STO,00254,Storage,,cute_card,KI,002549,parts/storage_jar_clip_top_kilner_1500_ml_capacity_110_mm_diameter_230_mm_depth_kilner_0025_492,1500_ML_CAPACITY_110_MM_DIAMETER_230_MM_DEPTH,kilner15l,kilne,,S,Jar Clip Top Kilner 1500 Ml Capacity 110 mm Diameter 230 mm Depth Kilner 0025 492,002,"cute
card
anchor
volcano
december
gown
have
verify","cute
card
anchor
volcano
december
gown
have
verify
lens
absurd",jarcli,cute_card_anchor_volcano_december_gown_have_verify_lens_absurd_coach,15,https://github.com/oomlout/oomlout_oomp_part_src/tree/main/parts/storage_jar_clip_top_kilner_1500_ml_capacity_110_mm_diameter_230_mm_depth_kilner_0025_492,KILNE,kilner15liter,cute<br>card<br>anchor<br>volcano<br>december<br>gown<br>have,1500,00,st,STOR,kilner,cute_card_anchor_volcano_december_gown_have_verify_lens,cute_card_anchor_volcano_december,K,6859404401,0025_492,1500,STORAG,JARCL,00,st,cute-card-anchor-volcano-december-gown-have-verify-lens-absurd-coach-alley,,,1500m,"['cute', 'card', 'anchor', 'volcano', 'december', 'gown', 'have', 'verify', 'lens', 'absurd', 'coach', 'alley']",jar_clip_top_kilner_1500_ml_capacity_110_mm_diameter_230_mm_depth_kilner_0025_492,,[],cutecard,,cute,"['mushroom', 'dragon', 'racehorse']",0025,jarcl,1,cutecardanchorvolcanodecembergown,15,cute_card_anchor_volcano_december_gown_have_verify_lens_absurd_coach_alley,150,1,ja,cute,Kilner,cutecardanchorvolcano,cute,,0025,1,JARCLI,cute card anchor volcano december gown have verify,jar_cl,,cute_card_anchor_volcano_december_gown,ki,0025.492,002,kiln,1500ml,cutecardanchorvolcanodecembergownhaveverifylens,,150,0025_492,KIL,cute-card-anchor-volcano-december-gown-have-verify-lens-absurd-coach,"cute
card
anchor
volcano
december",1500_,1500Mlcapacity110mmdiameter230mmdepthkilner0025492,JA,1500ML,0025_,s,0025_4,0,15,150,JA,cute card anchor volcano,6859404401,,,42kow,STO,kilne,KILNER,J,S,j,ST,oomp_storage_jar_clip_top_kilner_1500_ml_capacity_110_mm_diameter_230_mm_depth_kilner_0025_492,0025_4,"cute
card
anchor
volcano
december
gown
have
verify
lens",cutecardanchorvolcanodecembergownhaveverify,jar,cute_card_anchor_volcano,1500_m,https://github.com/oomlout/oomlout_oomp_current_version_messy/tree/main/parts/storage_jar_clip_top_kilner_1500_ml_capacity_110_mm_diameter_230_mm_depth_kilner_0025_492,K,cute,J,0025.492,JAR_
storage_jar_clip_top_kilner_3000_ml_capacity_140_mm_diameter_280_mm_depth_kilner_0025_494,elite random base estate conduct pair,JARC,jar_,3000 Ml Capacity 140 mm Diameter 280 mm Depth Kilner 0025 494,3000Mlcapacity140mmdiameter280mmdepthkilner0025494,002,elite random base estate conduct pair circle sniff attend,JAR_CL,,JAR_CLIP_TOP_KILNER,3,,3000M,3000,3000mlcapacity140mmdiameter280mmdepthkilner0025494,3M,0,k,elite-random-base-estate-conduct-pair-circle,0,stor,stora,0025 494,Jar Clip Top Kilner,elite-random-base,elite-random-base-estate-conduct-pair-circle-sniff-attend-employ,kiln,0,elite random base estate conduct pair circle,[],j,3M,elite-random-base-estate-conduct-pair-circle-sniff-attend,"elite
random
base
estate
conduct
pair
circle",kilner_3_litre,jarc,elite-random-base-estate-conduct-pair,elite_random_base_estate_conduct_pair_circle_sniff,elite<br>random<br>base<br>estate,JAR,Jar Clip Top Kilner,KI,elite<br>random<br>base<br>estate<br>conduct,3000,300,2TX3M,elite<br>random,488ED2,S,00,elite_random_base_estate_conduct_pair_circle,,storag,elite random base estate conduct,"elite
random",002549,elite<br>random<br>base<br>estate<br>conduct<br>pair<br>circle<br>sniff<br>attend<br>employ,elite-random-base-estate-conduct-pair-circle-sniff,STORAGE,jar,eliterandombase,storage_jar_clip_top_kilner_3000_ml_capacity_140_mm_diameter_280_mm_depth_kilner_0025_494,488ed,,eliterandombaseestateconductpaircirclesniffattendemployelectricafraid,storage,3000_ml_capacity_140_mm_diameter_280_mm_depth,3000140280,elite random base estate conduct pair circle sniff attend employ,3,s,elite random base estate conduct pair circle sniff attend employ electric afraid,KILN,eliterandombaseestateconductpaircirclesniffattendemployelectric,elite<br>random<br>base<br>estate<br>conduct<br>pair<br>circle<br>sniff<br>attend,,"elite
random
base
estate
conduct
pair
circle
sniff
attend
employ
electric",s,stor,kilner,STORA,"elite
random
base
estate
conduct
pair
circle
sniff
attend
employ
electric
afraid",KIL,0025,elite<br>random<br>base<br>estate<br>conduct<br>pair,Kilner,,00254,ja,ST,KILN,KILNER,3000 Ml Capacity 140 mm Diameter 280 mm Depth,elite random base,488ed23874cd65267c1764d625ec6a40,[storage_jar_clip_top_kilner_3000_ml_capacity_140_mm_diameter_280_mm_depth_kilner_0025_494](https://github.com/oomlout/oomlout_oomp_current_version_messy/tree/main/parts/storage_jar_clip_top_kilner_3000_ml_capacity_140_mm_diameter_280_mm_depth_kilner_0025_494)<br>[](https://github.com/oomlout/oomlout_oomp_current_version_messy/tree/main/parts/storage_jar_clip_top_kilner_3000_ml_capacity_140_mm_diameter_280_mm_depth_kilner_0025_494)<br>[Storage Jar Clip Top Kilner 3000 Ml Capacity 140 Mm Diameter 280 Mm Depth Kilner 0025 494](https://github.com/oomlout/oomlout_oomp_current_version_messy/tree/main/parts/storage_jar_clip_top_kilner_3000_ml_capacity_140_mm_diameter_280_mm_depth_kilner_0025_494)<br><br>,3000Mlcapacity140Mmdiameter280Mmdepthkilner0025494,,,eliterandombaseestateconductpaircirclesniffattendemploy,,ki,J,jar_c,stora,0025_,elite,"elite
random
base
estate",eliterandombaseestateconductpaircircle,3000mlcapacity140mmdiameter280mmdepthkilner0025494,elite<br>random<br>base<br>estate<br>conduct<br>pair<br>circle<br>sniff<br>attend<br>employ<br>electric,,j,00,sto,kil,:hatched_chick: :clipboard: :pineapple:,kilner,hatched_chick clipboard pineapple,elite,elite-random-base-estate,elite random,STORA,Storage Jar Clip Top Kilner 3000 Ml Capacity 140 mm Diameter 280 mm Depth Kilner 0025 494,jar_clip_top_kilner,30,JAR,Storage,3M,sto,eliterandombaseestateconduct,STOR,0,storag,elite<br>random<br>base<br>estate<br>conduct<br>pair<br>circle<br>sniff<br>attend<br>employ<br>electric<br>afraid,3,3000_,002,elite<br>random<br>base,kil,JAR_C,3000_ml_capacity_140_mm_diameter_280_mm_depth_kilner_0025_494,elite random base estate conduct pair circle sniff attend employ electric,3000 Ml Capacity 140 mm Diameter 280 mm Depth,elite-random,k,"[':hatched_chick:', ':clipboard:', ':pineapple:']",k,elite-random-base-estate-conduct,KILNER,STORAG,3000_M,elite<br>random<br>base<br>estate<br>conduct<br>pair<br>circle<br>sniff,,K,"elite
random
base",KILNE,[storage_jar_clip_top_kilner_3000_ml_capacity_140_mm_diameter_280_mm_depth_kilner_0025_494](https://github.com/oomlout/oomlout_oomp_current_version_messy/tree/main/parts/storage_jar_clip_top_kilner_3000_ml_capacity_140_mm_diameter_280_mm_depth_kilner_0025_494)<br><br>,0,0025,elite_random_base_estate_conduct_pair_circle_sniff_attend_employ,488ED,488ed2,"elite
random
base
estate
conduct
pair",elite_random_base,STO,00254,Storage,,elite_random,KI,002549,parts/storage_jar_clip_top_kilner_3000_ml_capacity_140_mm_diameter_280_mm_depth_kilner_0025_494,3000_ML_CAPACITY_140_MM_DIAMETER_280_MM_DEPTH,kilner3l,kilne,,S,Jar Clip Top Kilner 3000 Ml Capacity 140 mm Diameter 280 mm Depth Kilner 0025 494,002,"elite
random
base
estate
conduct
pair
circle
sniff","elite
random
base
estate
conduct
pair
circle
sniff
attend
employ",jarcli,elite_random_base_estate_conduct_pair_circle_sniff_attend_employ_electric,30,https://github.com/oomlout/oomlout_oomp_part_src/tree/main/parts/storage_jar_clip_top_kilner_3000_ml_capacity_140_mm_diameter_280_mm_depth_kilner_0025_494,KILNE,kilner3liter,elite<br>random<br>base<br>estate<br>conduct<br>pair<br>circle,3000,00,st,STOR,kilner,elite_random_base_estate_conduct_pair_circle_sniff_attend,elite_random_base_estate_conduct,K,488ed23874,0025_494,3000,STORAG,JARCL,00,st,elite-random-base-estate-conduct-pair-circle-sniff-attend-employ-electric-afraid,,,3000m,"['elite', 'random', 'base', 'estate', 'conduct', 'pair', 'circle', 'sniff', 'attend', 'employ', 'electric', 'afraid']",jar_clip_top_kilner_3000_ml_capacity_140_mm_diameter_280_mm_depth_kilner_0025_494,,[],eliterandom,,elite,"['hatched_chick', 'clipboard', 'pineapple']",0025,jarcl,3,eliterandombaseestateconductpair,30,elite_random_base_estate_conduct_pair_circle_sniff_attend_employ_electric_afraid,300,3,ja,elite,Kilner,eliterandombaseestate,elite,,0025,3,JARCLI,elite random base estate conduct pair circle sniff,jar_cl,,elite_random_base_estate_conduct_pair,ki,0025.494,002,kiln,3000ml,eliterandombaseestateconductpaircirclesniffattend,,300,0025_494,KIL,elite-random-base-estate-conduct-pair-circle-sniff-attend-employ-electric,"elite
random
base
estate
conduct",3000_,3000Mlcapacity140mmdiameter280mmdepthkilner0025494,JA,3000ML,0025_,s,0025_4,0,30,300,JA,elite random base estate,488ED23874,,,2tx3m,STO,kilne,KILNER,J,S,j,ST,oomp_storage_jar_clip_top_kilner_3000_ml_capacity_140_mm_diameter_280_mm_depth_kilner_0025_494,0025_4,"elite
random
base
estate
conduct
pair
circle
sniff
attend",eliterandombaseestateconductpaircirclesniff,jar,elite_random_base_estate,3000_m,https://github.com/oomlout/oomlout_oomp_current_version_messy/tree/main/parts/storage_jar_clip_top_kilner_3000_ml_capacity_140_mm_diameter_280_mm_depth_kilner_0025_494,K,elite,J,0025.494,JAR_
